version_number,tool_id,tool_name,trusted,released_at,major_version_number,commit_url,source_url,release_source,no_of_stacks,lts,eol_info,support_info,tool_version_External_Factors_Freshness_Distance_from_latest_version,tool_version_External_Factors_Last_commit_date_of_the_package,tool_version_External_Factors_Security_Vulnerabilities,star_count,forks_count,watch_count,release_count,last_release_date,contributor_count,license,activiy,Dependent_count,Repo_Count_For_A_Tools,Repo_Count_For_A_Tools_Current_Version,Repo_Count_For_A_Tools_Version_wise,score
1.0.1,2237,PM2,TRUE,2016-02-13 16:08:05 UTC,1,https://github.com/Unitech/pm2/commit/d09458788b6319a80501319bc865e2fd2a718085,https://github.com/Unitech/pm2/releases/tag/1.0.1,github,0,,,,5,5,4,5,5,5,4,2023-05-22T22:18:17.317Z,5,3,3,36,0,0,"[{""version"": ""4.4.0"", ""no"": 0}, {""version"": ""2.7.2"", ""no"": 0}, {""version"": ""0.12.15"", ""no"": 0}, {""version"": ""2.10.2"", ""no"": 1}, {""version"": ""0.15.7"", ""no"": 0}, {""version"": ""2.0.18"", ""no"": 0}, {""version"": ""2.5.0"", ""no"": 0}, {""version"": ""1.1.2"", ""no"": 0}, {""version"": ""2.0.19"", ""no"": 0}, {""version"": ""4.2.3"", ""no"": 1}, {""version"": ""1.0.1"", ""no"": 0}, {""version"": ""3.5.2"", ""no"": 1}]",0
2.0.4,5577,nodemon,TRUE,2020-05-14 11:33:05 UTC,2,https://github.com/remy/nodemon/commit/a74f5dc3efef9a76e5c810ff3b70c4e3f1584183,https://libraries.io/npm/nodemon/2.0.4,github,32,,,,5,5,3,5,5,5,3,2023-07-09T11:01:23.703Z,5,5,5,939,189,32,"[{""version"": ""2.0.4"", ""no"": 32}, {""version"": ""1.18.11"", ""no"": 2}, {""version"": ""1.18.10"", ""no"": 6}, {""version"": ""1.19.4"", ""no"": 15}, {""version"": ""2.0.2"", ""no"": 37}, {""version"": ""1.18.9"", ""no"": 5}, {""version"": ""1.19.3"", ""no"": 3}, {""version"": ""2.0.3"", ""no"": 8}, {""version"": ""1.17.5"", ""no"": 6}, {""version"": ""1.19.1"", ""no"": 14}, {""version"": ""1.17.3"", ""no"": 5}, {""version"": ""1.19.2"", ""no"": 3}, {""version"": ""2.0.1"", ""no"": 0}, {""version"": ""1.11.0"", ""no"": 18}, {""version"": ""1.19.0"", ""no"": 3}, {""version"": ""1.9.1"", ""no"": 1}, {""version"": ""1.15.1"", ""no"": 0}, {""version"": ""1.18.3"", ""no"": 6}, {""version"": ""1.12.1"", ""no"": 3}, {""version"": ""1.14.11"", ""no"": 1}, {""version"": ""1.4.0"", ""no"": 0}, {""version"": ""1.10.0"", ""no"": 2}, {""version"": ""1.3.7"", ""no"": 1}, {""version"": ""1.18.6"", ""no"": 3}, {""version"": ""1.17.4"", ""no"": 4}, {""version"": ""1.14.7"", ""no"": 0}, {""version"": ""1.14.12"", ""no"": 1}, {""version"": ""1.18.4"", ""no"": 6}, {""version"": ""1.17.2"", ""no"": 0}, {""version"": ""1.18.7"", ""no"": 0}, {""version"": ""1.13.3"", ""no"": 1}, {""version"": ""1.2.1"", ""no"": 1}, {""version"": ""1.18.5"", ""no"": 1}, {""version"": ""1.18.2"", ""no"": 1}, {""version"": ""1.12.0"", ""no"": 0}, {""version"": ""1.18.8"", ""no"": 0}]",0
2.0.3,5577,nodemon,TRUE,2020-04-08 18:54:27 UTC,2,https://github.com/remy/nodemon/commit/ee92ee470b37d4cb69429198677afb19ede5100c,https://libraries.io/npm/nodemon/2.0.3,github,8,,,,5,5,3,5,5,5,3,2023-07-09T11:01:23.703Z,5,5,5,939,189,8,"[{""version"": ""2.0.4"", ""no"": 32}, {""version"": ""1.18.11"", ""no"": 2}, {""version"": ""1.18.10"", ""no"": 6}, {""version"": ""1.19.4"", ""no"": 15}, {""version"": ""2.0.2"", ""no"": 37}, {""version"": ""1.18.9"", ""no"": 5}, {""version"": ""1.19.3"", ""no"": 3}, {""version"": ""2.0.3"", ""no"": 8}, {""version"": ""1.17.5"", ""no"": 6}, {""version"": ""1.19.1"", ""no"": 14}, {""version"": ""1.17.3"", ""no"": 5}, {""version"": ""1.19.2"", ""no"": 3}, {""version"": ""2.0.1"", ""no"": 0}, {""version"": ""1.11.0"", ""no"": 18}, {""version"": ""1.19.0"", ""no"": 3}, {""version"": ""1.9.1"", ""no"": 1}, {""version"": ""1.15.1"", ""no"": 0}, {""version"": ""1.18.3"", ""no"": 6}, {""version"": ""1.12.1"", ""no"": 3}, {""version"": ""1.14.11"", ""no"": 1}, {""version"": ""1.4.0"", ""no"": 0}, {""version"": ""1.10.0"", ""no"": 2}, {""version"": ""1.3.7"", ""no"": 1}, {""version"": ""1.18.6"", ""no"": 3}, {""version"": ""1.17.4"", ""no"": 4}, {""version"": ""1.14.7"", ""no"": 0}, {""version"": ""1.14.12"", ""no"": 1}, {""version"": ""1.18.4"", ""no"": 6}, {""version"": ""1.17.2"", ""no"": 0}, {""version"": ""1.18.7"", ""no"": 0}, {""version"": ""1.13.3"", ""no"": 1}, {""version"": ""1.2.1"", ""no"": 1}, {""version"": ""1.18.5"", ""no"": 1}, {""version"": ""1.18.2"", ""no"": 1}, {""version"": ""1.12.0"", ""no"": 0}, {""version"": ""1.18.8"", ""no"": 0}]",0
2.0.2,5577,nodemon,TRUE,2019-12-11 14:24:24 UTC,2,https://github.com/remy/nodemon/commit/cd45d74593be411eba39481e5a8360c39079b118,https://libraries.io/npm/nodemon/2.0.2,github,37,,,,5,5,3,5,5,5,3,2023-07-09T11:01:23.703Z,5,5,5,939,189,37,"[{""version"": ""2.0.4"", ""no"": 32}, {""version"": ""1.18.11"", ""no"": 2}, {""version"": ""1.18.10"", ""no"": 6}, {""version"": ""1.19.4"", ""no"": 15}, {""version"": ""2.0.2"", ""no"": 37}, {""version"": ""1.18.9"", ""no"": 5}, {""version"": ""1.19.3"", ""no"": 3}, {""version"": ""2.0.3"", ""no"": 8}, {""version"": ""1.17.5"", ""no"": 6}, {""version"": ""1.19.1"", ""no"": 14}, {""version"": ""1.17.3"", ""no"": 5}, {""version"": ""1.19.2"", ""no"": 3}, {""version"": ""2.0.1"", ""no"": 0}, {""version"": ""1.11.0"", ""no"": 18}, {""version"": ""1.19.0"", ""no"": 3}, {""version"": ""1.9.1"", ""no"": 1}, {""version"": ""1.15.1"", ""no"": 0}, {""version"": ""1.18.3"", ""no"": 6}, {""version"": ""1.12.1"", ""no"": 3}, {""version"": ""1.14.11"", ""no"": 1}, {""version"": ""1.4.0"", ""no"": 0}, {""version"": ""1.10.0"", ""no"": 2}, {""version"": ""1.3.7"", ""no"": 1}, {""version"": ""1.18.6"", ""no"": 3}, {""version"": ""1.17.4"", ""no"": 4}, {""version"": ""1.14.7"", ""no"": 0}, {""version"": ""1.14.12"", ""no"": 1}, {""version"": ""1.18.4"", ""no"": 6}, {""version"": ""1.17.2"", ""no"": 0}, {""version"": ""1.18.7"", ""no"": 0}, {""version"": ""1.13.3"", ""no"": 1}, {""version"": ""1.2.1"", ""no"": 1}, {""version"": ""1.18.5"", ""no"": 1}, {""version"": ""1.18.2"", ""no"": 1}, {""version"": ""1.12.0"", ""no"": 0}, {""version"": ""1.18.8"", ""no"": 0}]",0
2.0.1,5577,nodemon,TRUE,2019-11-22 13:04:44 UTC,2,https://github.com/remy/nodemon/commit/ed91703f0870660a3159749878c273e3e61e64a3,https://libraries.io/npm/nodemon/2.0.1,github,0,,,,5,5,3,5,5,5,3,2023-07-09T11:01:23.703Z,5,5,5,939,189,0,"[{""version"": ""2.0.4"", ""no"": 32}, {""version"": ""1.18.11"", ""no"": 2}, {""version"": ""1.18.10"", ""no"": 6}, {""version"": ""1.19.4"", ""no"": 15}, {""version"": ""2.0.2"", ""no"": 37}, {""version"": ""1.18.9"", ""no"": 5}, {""version"": ""1.19.3"", ""no"": 3}, {""version"": ""2.0.3"", ""no"": 8}, {""version"": ""1.17.5"", ""no"": 6}, {""version"": ""1.19.1"", ""no"": 14}, {""version"": ""1.17.3"", ""no"": 5}, {""version"": ""1.19.2"", ""no"": 3}, {""version"": ""2.0.1"", ""no"": 0}, {""version"": ""1.11.0"", ""no"": 18}, {""version"": ""1.19.0"", ""no"": 3}, {""version"": ""1.9.1"", ""no"": 1}, {""version"": ""1.15.1"", ""no"": 0}, {""version"": ""1.18.3"", ""no"": 6}, {""version"": ""1.12.1"", ""no"": 3}, {""version"": ""1.14.11"", ""no"": 1}, {""version"": ""1.4.0"", ""no"": 0}, {""version"": ""1.10.0"", ""no"": 2}, {""version"": ""1.3.7"", ""no"": 1}, {""version"": ""1.18.6"", ""no"": 3}, {""version"": ""1.17.4"", ""no"": 4}, {""version"": ""1.14.7"", ""no"": 0}, {""version"": ""1.14.12"", ""no"": 1}, {""version"": ""1.18.4"", ""no"": 6}, {""version"": ""1.17.2"", ""no"": 0}, {""version"": ""1.18.7"", ""no"": 0}, {""version"": ""1.13.3"", ""no"": 1}, {""version"": ""1.2.1"", ""no"": 1}, {""version"": ""1.18.5"", ""no"": 1}, {""version"": ""1.18.2"", ""no"": 1}, {""version"": ""1.12.0"", ""no"": 0}, {""version"": ""1.18.8"", ""no"": 0}]",0
1.9.1,5577,nodemon,TRUE,2016-02-25 21:13:05 UTC,1,https://github.com/remy/nodemon/commit/6ccb29864c7a17b578a5a09b9a2dd382bbb41066,https://libraries.io/npm/nodemon/1.9.1,github,1,,,,4,5,3,5,5,5,3,2023-07-09T11:01:23.703Z,5,5,5,939,189,1,"[{""version"": ""2.0.4"", ""no"": 32}, {""version"": ""1.18.11"", ""no"": 2}, {""version"": ""1.18.10"", ""no"": 6}, {""version"": ""1.19.4"", ""no"": 15}, {""version"": ""2.0.2"", ""no"": 37}, {""version"": ""1.18.9"", ""no"": 5}, {""version"": ""1.19.3"", ""no"": 3}, {""version"": ""2.0.3"", ""no"": 8}, {""version"": ""1.17.5"", ""no"": 6}, {""version"": ""1.19.1"", ""no"": 14}, {""version"": ""1.17.3"", ""no"": 5}, {""version"": ""1.19.2"", ""no"": 3}, {""version"": ""2.0.1"", ""no"": 0}, {""version"": ""1.11.0"", ""no"": 18}, {""version"": ""1.19.0"", ""no"": 3}, {""version"": ""1.9.1"", ""no"": 1}, {""version"": ""1.15.1"", ""no"": 0}, {""version"": ""1.18.3"", ""no"": 6}, {""version"": ""1.12.1"", ""no"": 3}, {""version"": ""1.14.11"", ""no"": 1}, {""version"": ""1.4.0"", ""no"": 0}, {""version"": ""1.10.0"", ""no"": 2}, {""version"": ""1.3.7"", ""no"": 1}, {""version"": ""1.18.6"", ""no"": 3}, {""version"": ""1.17.4"", ""no"": 4}, {""version"": ""1.14.7"", ""no"": 0}, {""version"": ""1.14.12"", ""no"": 1}, {""version"": ""1.18.4"", ""no"": 6}, {""version"": ""1.17.2"", ""no"": 0}, {""version"": ""1.18.7"", ""no"": 0}, {""version"": ""1.13.3"", ""no"": 1}, {""version"": ""1.2.1"", ""no"": 1}, {""version"": ""1.18.5"", ""no"": 1}, {""version"": ""1.18.2"", ""no"": 1}, {""version"": ""1.12.0"", ""no"": 0}, {""version"": ""1.18.8"", ""no"": 0}]",0
1.4.0,5577,nodemon,TRUE,2015-07-27 20:44:52 UTC,1,,https://libraries.io/npm/nodemon/1.4.0,librariesio,0,,,,4,5,3,5,5,5,3,2023-07-09T08:45:14.215Z,5,5,5,34298,189,0,"[{""version"": ""2.0.4"", ""no"": 32}, {""version"": ""1.18.11"", ""no"": 2}, {""version"": ""1.18.10"", ""no"": 6}, {""version"": ""1.19.4"", ""no"": 15}, {""version"": ""2.0.2"", ""no"": 37}, {""version"": ""1.18.9"", ""no"": 5}, {""version"": ""1.19.3"", ""no"": 3}, {""version"": ""2.0.3"", ""no"": 8}, {""version"": ""1.17.5"", ""no"": 6}, {""version"": ""1.19.1"", ""no"": 14}, {""version"": ""1.17.3"", ""no"": 5}, {""version"": ""1.19.2"", ""no"": 3}, {""version"": ""2.0.1"", ""no"": 0}, {""version"": ""1.11.0"", ""no"": 18}, {""version"": ""1.19.0"", ""no"": 3}, {""version"": ""1.9.1"", ""no"": 1}, {""version"": ""1.15.1"", ""no"": 0}, {""version"": ""1.18.3"", ""no"": 6}, {""version"": ""1.12.1"", ""no"": 3}, {""version"": ""1.14.11"", ""no"": 1}, {""version"": ""1.4.0"", ""no"": 0}, {""version"": ""1.10.0"", ""no"": 2}, {""version"": ""1.3.7"", ""no"": 1}, {""version"": ""1.18.6"", ""no"": 3}, {""version"": ""1.17.4"", ""no"": 4}, {""version"": ""1.14.7"", ""no"": 0}, {""version"": ""1.14.12"", ""no"": 1}, {""version"": ""1.18.4"", ""no"": 6}, {""version"": ""1.17.2"", ""no"": 0}, {""version"": ""1.18.7"", ""no"": 0}, {""version"": ""1.13.3"", ""no"": 1}, {""version"": ""1.2.1"", ""no"": 1}, {""version"": ""1.18.5"", ""no"": 1}, {""version"": ""1.18.2"", ""no"": 1}, {""version"": ""1.12.0"", ""no"": 0}, {""version"": ""1.18.8"", ""no"": 0}]",0
1.3.7,5577,nodemon,TRUE,2015-02-11 19:27:47 UTC,1,,https://libraries.io/npm/nodemon/1.3.7,librariesio,1,,,,4,5,3,5,5,5,3,2023-07-09T08:45:14.215Z,5,5,5,34298,189,1,"[{""version"": ""2.0.4"", ""no"": 32}, {""version"": ""1.18.11"", ""no"": 2}, {""version"": ""1.18.10"", ""no"": 6}, {""version"": ""1.19.4"", ""no"": 15}, {""version"": ""2.0.2"", ""no"": 37}, {""version"": ""1.18.9"", ""no"": 5}, {""version"": ""1.19.3"", ""no"": 3}, {""version"": ""2.0.3"", ""no"": 8}, {""version"": ""1.17.5"", ""no"": 6}, {""version"": ""1.19.1"", ""no"": 14}, {""version"": ""1.17.3"", ""no"": 5}, {""version"": ""1.19.2"", ""no"": 3}, {""version"": ""2.0.1"", ""no"": 0}, {""version"": ""1.11.0"", ""no"": 18}, {""version"": ""1.19.0"", ""no"": 3}, {""version"": ""1.9.1"", ""no"": 1}, {""version"": ""1.15.1"", ""no"": 0}, {""version"": ""1.18.3"", ""no"": 6}, {""version"": ""1.12.1"", ""no"": 3}, {""version"": ""1.14.11"", ""no"": 1}, {""version"": ""1.4.0"", ""no"": 0}, {""version"": ""1.10.0"", ""no"": 2}, {""version"": ""1.3.7"", ""no"": 1}, {""version"": ""1.18.6"", ""no"": 3}, {""version"": ""1.17.4"", ""no"": 4}, {""version"": ""1.14.7"", ""no"": 0}, {""version"": ""1.14.12"", ""no"": 1}, {""version"": ""1.18.4"", ""no"": 6}, {""version"": ""1.17.2"", ""no"": 0}, {""version"": ""1.18.7"", ""no"": 0}, {""version"": ""1.13.3"", ""no"": 1}, {""version"": ""1.2.1"", ""no"": 1}, {""version"": ""1.18.5"", ""no"": 1}, {""version"": ""1.18.2"", ""no"": 1}, {""version"": ""1.12.0"", ""no"": 0}, {""version"": ""1.18.8"", ""no"": 0}]",0
1.2.1,5577,nodemon,TRUE,2014-07-01 16:23:36 UTC,1,,https://libraries.io/npm/nodemon/1.2.1,librariesio,1,,,,4,5,3,5,5,5,3,2023-07-09T08:45:14.215Z,5,5,5,34298,189,1,"[{""version"": ""2.0.4"", ""no"": 32}, {""version"": ""1.18.11"", ""no"": 2}, {""version"": ""1.18.10"", ""no"": 6}, {""version"": ""1.19.4"", ""no"": 15}, {""version"": ""2.0.2"", ""no"": 37}, {""version"": ""1.18.9"", ""no"": 5}, {""version"": ""1.19.3"", ""no"": 3}, {""version"": ""2.0.3"", ""no"": 8}, {""version"": ""1.17.5"", ""no"": 6}, {""version"": ""1.19.1"", ""no"": 14}, {""version"": ""1.17.3"", ""no"": 5}, {""version"": ""1.19.2"", ""no"": 3}, {""version"": ""2.0.1"", ""no"": 0}, {""version"": ""1.11.0"", ""no"": 18}, {""version"": ""1.19.0"", ""no"": 3}, {""version"": ""1.9.1"", ""no"": 1}, {""version"": ""1.15.1"", ""no"": 0}, {""version"": ""1.18.3"", ""no"": 6}, {""version"": ""1.12.1"", ""no"": 3}, {""version"": ""1.14.11"", ""no"": 1}, {""version"": ""1.4.0"", ""no"": 0}, {""version"": ""1.10.0"", ""no"": 2}, {""version"": ""1.3.7"", ""no"": 1}, {""version"": ""1.18.6"", ""no"": 3}, {""version"": ""1.17.4"", ""no"": 4}, {""version"": ""1.14.7"", ""no"": 0}, {""version"": ""1.14.12"", ""no"": 1}, {""version"": ""1.18.4"", ""no"": 6}, {""version"": ""1.17.2"", ""no"": 0}, {""version"": ""1.18.7"", ""no"": 0}, {""version"": ""1.13.3"", ""no"": 1}, {""version"": ""1.2.1"", ""no"": 1}, {""version"": ""1.18.5"", ""no"": 1}, {""version"": ""1.18.2"", ""no"": 1}, {""version"": ""1.12.0"", ""no"": 0}, {""version"": ""1.18.8"", ""no"": 0}]",0
1.19.4,5577,nodemon,TRUE,2019-10-15 23:31:16 UTC,1,https://github.com/remy/nodemon/commit/7d6c1a88a10f02d3f00b6e0635f982bb74ce5708,https://libraries.io/npm/nodemon/1.19.4,github,15,,,,3,5,3,5,5,5,3,2023-07-09T11:01:23.703Z,5,5,5,939,189,15,"[{""version"": ""2.0.4"", ""no"": 32}, {""version"": ""1.18.11"", ""no"": 2}, {""version"": ""1.18.10"", ""no"": 6}, {""version"": ""1.19.4"", ""no"": 15}, {""version"": ""2.0.2"", ""no"": 37}, {""version"": ""1.18.9"", ""no"": 5}, {""version"": ""1.19.3"", ""no"": 3}, {""version"": ""2.0.3"", ""no"": 8}, {""version"": ""1.17.5"", ""no"": 6}, {""version"": ""1.19.1"", ""no"": 14}, {""version"": ""1.17.3"", ""no"": 5}, {""version"": ""1.19.2"", ""no"": 3}, {""version"": ""2.0.1"", ""no"": 0}, {""version"": ""1.11.0"", ""no"": 18}, {""version"": ""1.19.0"", ""no"": 3}, {""version"": ""1.9.1"", ""no"": 1}, {""version"": ""1.15.1"", ""no"": 0}, {""version"": ""1.18.3"", ""no"": 6}, {""version"": ""1.12.1"", ""no"": 3}, {""version"": ""1.14.11"", ""no"": 1}, {""version"": ""1.4.0"", ""no"": 0}, {""version"": ""1.10.0"", ""no"": 2}, {""version"": ""1.3.7"", ""no"": 1}, {""version"": ""1.18.6"", ""no"": 3}, {""version"": ""1.17.4"", ""no"": 4}, {""version"": ""1.14.7"", ""no"": 0}, {""version"": ""1.14.12"", ""no"": 1}, {""version"": ""1.18.4"", ""no"": 6}, {""version"": ""1.17.2"", ""no"": 0}, {""version"": ""1.18.7"", ""no"": 0}, {""version"": ""1.13.3"", ""no"": 1}, {""version"": ""1.2.1"", ""no"": 1}, {""version"": ""1.18.5"", ""no"": 1}, {""version"": ""1.18.2"", ""no"": 1}, {""version"": ""1.12.0"", ""no"": 0}, {""version"": ""1.18.8"", ""no"": 0}]",0
1.19.3,5577,nodemon,TRUE,2019-09-29 10:07:25 UTC,1,https://github.com/remy/nodemon/commit/eead311749357d4809c0c8ba353e31376f2ea776,https://libraries.io/npm/nodemon/1.19.3,github,3,,,,3,5,3,5,5,5,3,2023-07-09T11:01:23.703Z,5,5,5,939,189,3,"[{""version"": ""2.0.4"", ""no"": 32}, {""version"": ""1.18.11"", ""no"": 2}, {""version"": ""1.18.10"", ""no"": 6}, {""version"": ""1.19.4"", ""no"": 15}, {""version"": ""2.0.2"", ""no"": 37}, {""version"": ""1.18.9"", ""no"": 5}, {""version"": ""1.19.3"", ""no"": 3}, {""version"": ""2.0.3"", ""no"": 8}, {""version"": ""1.17.5"", ""no"": 6}, {""version"": ""1.19.1"", ""no"": 14}, {""version"": ""1.17.3"", ""no"": 5}, {""version"": ""1.19.2"", ""no"": 3}, {""version"": ""2.0.1"", ""no"": 0}, {""version"": ""1.11.0"", ""no"": 18}, {""version"": ""1.19.0"", ""no"": 3}, {""version"": ""1.9.1"", ""no"": 1}, {""version"": ""1.15.1"", ""no"": 0}, {""version"": ""1.18.3"", ""no"": 6}, {""version"": ""1.12.1"", ""no"": 3}, {""version"": ""1.14.11"", ""no"": 1}, {""version"": ""1.4.0"", ""no"": 0}, {""version"": ""1.10.0"", ""no"": 2}, {""version"": ""1.3.7"", ""no"": 1}, {""version"": ""1.18.6"", ""no"": 3}, {""version"": ""1.17.4"", ""no"": 4}, {""version"": ""1.14.7"", ""no"": 0}, {""version"": ""1.14.12"", ""no"": 1}, {""version"": ""1.18.4"", ""no"": 6}, {""version"": ""1.17.2"", ""no"": 0}, {""version"": ""1.18.7"", ""no"": 0}, {""version"": ""1.13.3"", ""no"": 1}, {""version"": ""1.2.1"", ""no"": 1}, {""version"": ""1.18.5"", ""no"": 1}, {""version"": ""1.18.2"", ""no"": 1}, {""version"": ""1.12.0"", ""no"": 0}, {""version"": ""1.18.8"", ""no"": 0}]",0
1.19.2,5577,nodemon,TRUE,2019-09-03 11:01:13 UTC,1,https://github.com/remy/nodemon/commit/12b66cd492b4b06ffc91da57eca4794c25f05632,https://libraries.io/npm/nodemon/1.19.2,github,3,,,,3,5,3,5,5,5,3,2023-07-09T11:01:23.703Z,5,5,5,939,189,3,"[{""version"": ""2.0.4"", ""no"": 32}, {""version"": ""1.18.11"", ""no"": 2}, {""version"": ""1.18.10"", ""no"": 6}, {""version"": ""1.19.4"", ""no"": 15}, {""version"": ""2.0.2"", ""no"": 37}, {""version"": ""1.18.9"", ""no"": 5}, {""version"": ""1.19.3"", ""no"": 3}, {""version"": ""2.0.3"", ""no"": 8}, {""version"": ""1.17.5"", ""no"": 6}, {""version"": ""1.19.1"", ""no"": 14}, {""version"": ""1.17.3"", ""no"": 5}, {""version"": ""1.19.2"", ""no"": 3}, {""version"": ""2.0.1"", ""no"": 0}, {""version"": ""1.11.0"", ""no"": 18}, {""version"": ""1.19.0"", ""no"": 3}, {""version"": ""1.9.1"", ""no"": 1}, {""version"": ""1.15.1"", ""no"": 0}, {""version"": ""1.18.3"", ""no"": 6}, {""version"": ""1.12.1"", ""no"": 3}, {""version"": ""1.14.11"", ""no"": 1}, {""version"": ""1.4.0"", ""no"": 0}, {""version"": ""1.10.0"", ""no"": 2}, {""version"": ""1.3.7"", ""no"": 1}, {""version"": ""1.18.6"", ""no"": 3}, {""version"": ""1.17.4"", ""no"": 4}, {""version"": ""1.14.7"", ""no"": 0}, {""version"": ""1.14.12"", ""no"": 1}, {""version"": ""1.18.4"", ""no"": 6}, {""version"": ""1.17.2"", ""no"": 0}, {""version"": ""1.18.7"", ""no"": 0}, {""version"": ""1.13.3"", ""no"": 1}, {""version"": ""1.2.1"", ""no"": 1}, {""version"": ""1.18.5"", ""no"": 1}, {""version"": ""1.18.2"", ""no"": 1}, {""version"": ""1.12.0"", ""no"": 0}, {""version"": ""1.18.8"", ""no"": 0}]",0
1.19.1,5577,nodemon,TRUE,2019-05-25 18:30:46 UTC,1,https://github.com/remy/nodemon/commit/5124ae9528da8b19ce25c1945d1e62c35f20e861,https://libraries.io/npm/nodemon/1.19.1,github,14,,,,3,5,3,5,5,5,3,2023-07-09T11:01:23.703Z,5,5,5,939,189,14,"[{""version"": ""2.0.4"", ""no"": 32}, {""version"": ""1.18.11"", ""no"": 2}, {""version"": ""1.18.10"", ""no"": 6}, {""version"": ""1.19.4"", ""no"": 15}, {""version"": ""2.0.2"", ""no"": 37}, {""version"": ""1.18.9"", ""no"": 5}, {""version"": ""1.19.3"", ""no"": 3}, {""version"": ""2.0.3"", ""no"": 8}, {""version"": ""1.17.5"", ""no"": 6}, {""version"": ""1.19.1"", ""no"": 14}, {""version"": ""1.17.3"", ""no"": 5}, {""version"": ""1.19.2"", ""no"": 3}, {""version"": ""2.0.1"", ""no"": 0}, {""version"": ""1.11.0"", ""no"": 18}, {""version"": ""1.19.0"", ""no"": 3}, {""version"": ""1.9.1"", ""no"": 1}, {""version"": ""1.15.1"", ""no"": 0}, {""version"": ""1.18.3"", ""no"": 6}, {""version"": ""1.12.1"", ""no"": 3}, {""version"": ""1.14.11"", ""no"": 1}, {""version"": ""1.4.0"", ""no"": 0}, {""version"": ""1.10.0"", ""no"": 2}, {""version"": ""1.3.7"", ""no"": 1}, {""version"": ""1.18.6"", ""no"": 3}, {""version"": ""1.17.4"", ""no"": 4}, {""version"": ""1.14.7"", ""no"": 0}, {""version"": ""1.14.12"", ""no"": 1}, {""version"": ""1.18.4"", ""no"": 6}, {""version"": ""1.17.2"", ""no"": 0}, {""version"": ""1.18.7"", ""no"": 0}, {""version"": ""1.13.3"", ""no"": 1}, {""version"": ""1.2.1"", ""no"": 1}, {""version"": ""1.18.5"", ""no"": 1}, {""version"": ""1.18.2"", ""no"": 1}, {""version"": ""1.12.0"", ""no"": 0}, {""version"": ""1.18.8"", ""no"": 0}]",0
1.19.0,5577,nodemon,TRUE,2019-05-01 07:10:04 UTC,1,https://github.com/remy/nodemon/commit/20ccb623c4dbdbc9445085ba72ca7ab90f5bffcb,https://libraries.io/npm/nodemon/1.19.0,github,3,,,,3,5,3,5,5,5,3,2023-07-09T11:01:23.703Z,5,5,5,939,189,3,"[{""version"": ""2.0.4"", ""no"": 32}, {""version"": ""1.18.11"", ""no"": 2}, {""version"": ""1.18.10"", ""no"": 6}, {""version"": ""1.19.4"", ""no"": 15}, {""version"": ""2.0.2"", ""no"": 37}, {""version"": ""1.18.9"", ""no"": 5}, {""version"": ""1.19.3"", ""no"": 3}, {""version"": ""2.0.3"", ""no"": 8}, {""version"": ""1.17.5"", ""no"": 6}, {""version"": ""1.19.1"", ""no"": 14}, {""version"": ""1.17.3"", ""no"": 5}, {""version"": ""1.19.2"", ""no"": 3}, {""version"": ""2.0.1"", ""no"": 0}, {""version"": ""1.11.0"", ""no"": 18}, {""version"": ""1.19.0"", ""no"": 3}, {""version"": ""1.9.1"", ""no"": 1}, {""version"": ""1.15.1"", ""no"": 0}, {""version"": ""1.18.3"", ""no"": 6}, {""version"": ""1.12.1"", ""no"": 3}, {""version"": ""1.14.11"", ""no"": 1}, {""version"": ""1.4.0"", ""no"": 0}, {""version"": ""1.10.0"", ""no"": 2}, {""version"": ""1.3.7"", ""no"": 1}, {""version"": ""1.18.6"", ""no"": 3}, {""version"": ""1.17.4"", ""no"": 4}, {""version"": ""1.14.7"", ""no"": 0}, {""version"": ""1.14.12"", ""no"": 1}, {""version"": ""1.18.4"", ""no"": 6}, {""version"": ""1.17.2"", ""no"": 0}, {""version"": ""1.18.7"", ""no"": 0}, {""version"": ""1.13.3"", ""no"": 1}, {""version"": ""1.2.1"", ""no"": 1}, {""version"": ""1.18.5"", ""no"": 1}, {""version"": ""1.18.2"", ""no"": 1}, {""version"": ""1.12.0"", ""no"": 0}, {""version"": ""1.18.8"", ""no"": 0}]",0
1.18.9,5577,nodemon,TRUE,2018-12-14 17:47:27 UTC,1,https://github.com/remy/nodemon/commit/dd0b96a9438f9c068c85f4ed88a5dc6709577855,https://libraries.io/npm/nodemon/1.18.9,github,5,,,,3,5,3,5,5,5,3,2023-07-09T11:01:23.703Z,5,5,5,939,189,5,"[{""version"": ""2.0.4"", ""no"": 32}, {""version"": ""1.18.11"", ""no"": 2}, {""version"": ""1.18.10"", ""no"": 6}, {""version"": ""1.19.4"", ""no"": 15}, {""version"": ""2.0.2"", ""no"": 37}, {""version"": ""1.18.9"", ""no"": 5}, {""version"": ""1.19.3"", ""no"": 3}, {""version"": ""2.0.3"", ""no"": 8}, {""version"": ""1.17.5"", ""no"": 6}, {""version"": ""1.19.1"", ""no"": 14}, {""version"": ""1.17.3"", ""no"": 5}, {""version"": ""1.19.2"", ""no"": 3}, {""version"": ""2.0.1"", ""no"": 0}, {""version"": ""1.11.0"", ""no"": 18}, {""version"": ""1.19.0"", ""no"": 3}, {""version"": ""1.9.1"", ""no"": 1}, {""version"": ""1.15.1"", ""no"": 0}, {""version"": ""1.18.3"", ""no"": 6}, {""version"": ""1.12.1"", ""no"": 3}, {""version"": ""1.14.11"", ""no"": 1}, {""version"": ""1.4.0"", ""no"": 0}, {""version"": ""1.10.0"", ""no"": 2}, {""version"": ""1.3.7"", ""no"": 1}, {""version"": ""1.18.6"", ""no"": 3}, {""version"": ""1.17.4"", ""no"": 4}, {""version"": ""1.14.7"", ""no"": 0}, {""version"": ""1.14.12"", ""no"": 1}, {""version"": ""1.18.4"", ""no"": 6}, {""version"": ""1.17.2"", ""no"": 0}, {""version"": ""1.18.7"", ""no"": 0}, {""version"": ""1.13.3"", ""no"": 1}, {""version"": ""1.2.1"", ""no"": 1}, {""version"": ""1.18.5"", ""no"": 1}, {""version"": ""1.18.2"", ""no"": 1}, {""version"": ""1.12.0"", ""no"": 0}, {""version"": ""1.18.8"", ""no"": 0}]",0
1.18.8,5577,nodemon,TRUE,2018-12-10 21:05:48 UTC,1,https://github.com/remy/nodemon/commit/3dfd5ccf5aceedee9b34cf3320e646ad46708174,https://libraries.io/npm/nodemon/1.18.8,github,0,,,,3,5,3,5,5,5,3,2023-07-09T11:01:23.703Z,5,5,5,939,189,0,"[{""version"": ""2.0.4"", ""no"": 32}, {""version"": ""1.18.11"", ""no"": 2}, {""version"": ""1.18.10"", ""no"": 6}, {""version"": ""1.19.4"", ""no"": 15}, {""version"": ""2.0.2"", ""no"": 37}, {""version"": ""1.18.9"", ""no"": 5}, {""version"": ""1.19.3"", ""no"": 3}, {""version"": ""2.0.3"", ""no"": 8}, {""version"": ""1.17.5"", ""no"": 6}, {""version"": ""1.19.1"", ""no"": 14}, {""version"": ""1.17.3"", ""no"": 5}, {""version"": ""1.19.2"", ""no"": 3}, {""version"": ""2.0.1"", ""no"": 0}, {""version"": ""1.11.0"", ""no"": 18}, {""version"": ""1.19.0"", ""no"": 3}, {""version"": ""1.9.1"", ""no"": 1}, {""version"": ""1.15.1"", ""no"": 0}, {""version"": ""1.18.3"", ""no"": 6}, {""version"": ""1.12.1"", ""no"": 3}, {""version"": ""1.14.11"", ""no"": 1}, {""version"": ""1.4.0"", ""no"": 0}, {""version"": ""1.10.0"", ""no"": 2}, {""version"": ""1.3.7"", ""no"": 1}, {""version"": ""1.18.6"", ""no"": 3}, {""version"": ""1.17.4"", ""no"": 4}, {""version"": ""1.14.7"", ""no"": 0}, {""version"": ""1.14.12"", ""no"": 1}, {""version"": ""1.18.4"", ""no"": 6}, {""version"": ""1.17.2"", ""no"": 0}, {""version"": ""1.18.7"", ""no"": 0}, {""version"": ""1.13.3"", ""no"": 1}, {""version"": ""1.2.1"", ""no"": 1}, {""version"": ""1.18.5"", ""no"": 1}, {""version"": ""1.18.2"", ""no"": 1}, {""version"": ""1.12.0"", ""no"": 0}, {""version"": ""1.18.8"", ""no"": 0}]",0
1.18.7,5577,nodemon,TRUE,2018-11-27 08:49:05 UTC,1,https://github.com/remy/nodemon/commit/21e052eddf144b27a7c0eb9c603236707003d75d,https://libraries.io/npm/nodemon/1.18.7,github,0,,,,3,5,3,5,5,5,3,2023-07-09T11:01:23.703Z,5,5,5,939,189,0,"[{""version"": ""2.0.4"", ""no"": 32}, {""version"": ""1.18.11"", ""no"": 2}, {""version"": ""1.18.10"", ""no"": 6}, {""version"": ""1.19.4"", ""no"": 15}, {""version"": ""2.0.2"", ""no"": 37}, {""version"": ""1.18.9"", ""no"": 5}, {""version"": ""1.19.3"", ""no"": 3}, {""version"": ""2.0.3"", ""no"": 8}, {""version"": ""1.17.5"", ""no"": 6}, {""version"": ""1.19.1"", ""no"": 14}, {""version"": ""1.17.3"", ""no"": 5}, {""version"": ""1.19.2"", ""no"": 3}, {""version"": ""2.0.1"", ""no"": 0}, {""version"": ""1.11.0"", ""no"": 18}, {""version"": ""1.19.0"", ""no"": 3}, {""version"": ""1.9.1"", ""no"": 1}, {""version"": ""1.15.1"", ""no"": 0}, {""version"": ""1.18.3"", ""no"": 6}, {""version"": ""1.12.1"", ""no"": 3}, {""version"": ""1.14.11"", ""no"": 1}, {""version"": ""1.4.0"", ""no"": 0}, {""version"": ""1.10.0"", ""no"": 2}, {""version"": ""1.3.7"", ""no"": 1}, {""version"": ""1.18.6"", ""no"": 3}, {""version"": ""1.17.4"", ""no"": 4}, {""version"": ""1.14.7"", ""no"": 0}, {""version"": ""1.14.12"", ""no"": 1}, {""version"": ""1.18.4"", ""no"": 6}, {""version"": ""1.17.2"", ""no"": 0}, {""version"": ""1.18.7"", ""no"": 0}, {""version"": ""1.13.3"", ""no"": 1}, {""version"": ""1.2.1"", ""no"": 1}, {""version"": ""1.18.5"", ""no"": 1}, {""version"": ""1.18.2"", ""no"": 1}, {""version"": ""1.12.0"", ""no"": 0}, {""version"": ""1.18.8"", ""no"": 0}]",0
1.18.6,5577,nodemon,TRUE,2018-11-05 11:27:49 UTC,1,https://github.com/remy/nodemon/commit/521eb1e49d9a6556853ae468ec071deea749076a,https://libraries.io/npm/nodemon/1.18.6,github,3,,,,3,5,3,5,5,5,3,2023-07-09T11:01:23.703Z,5,5,5,939,189,3,"[{""version"": ""2.0.4"", ""no"": 32}, {""version"": ""1.18.11"", ""no"": 2}, {""version"": ""1.18.10"", ""no"": 6}, {""version"": ""1.19.4"", ""no"": 15}, {""version"": ""2.0.2"", ""no"": 37}, {""version"": ""1.18.9"", ""no"": 5}, {""version"": ""1.19.3"", ""no"": 3}, {""version"": ""2.0.3"", ""no"": 8}, {""version"": ""1.17.5"", ""no"": 6}, {""version"": ""1.19.1"", ""no"": 14}, {""version"": ""1.17.3"", ""no"": 5}, {""version"": ""1.19.2"", ""no"": 3}, {""version"": ""2.0.1"", ""no"": 0}, {""version"": ""1.11.0"", ""no"": 18}, {""version"": ""1.19.0"", ""no"": 3}, {""version"": ""1.9.1"", ""no"": 1}, {""version"": ""1.15.1"", ""no"": 0}, {""version"": ""1.18.3"", ""no"": 6}, {""version"": ""1.12.1"", ""no"": 3}, {""version"": ""1.14.11"", ""no"": 1}, {""version"": ""1.4.0"", ""no"": 0}, {""version"": ""1.10.0"", ""no"": 2}, {""version"": ""1.3.7"", ""no"": 1}, {""version"": ""1.18.6"", ""no"": 3}, {""version"": ""1.17.4"", ""no"": 4}, {""version"": ""1.14.7"", ""no"": 0}, {""version"": ""1.14.12"", ""no"": 1}, {""version"": ""1.18.4"", ""no"": 6}, {""version"": ""1.17.2"", ""no"": 0}, {""version"": ""1.18.7"", ""no"": 0}, {""version"": ""1.13.3"", ""no"": 1}, {""version"": ""1.2.1"", ""no"": 1}, {""version"": ""1.18.5"", ""no"": 1}, {""version"": ""1.18.2"", ""no"": 1}, {""version"": ""1.12.0"", ""no"": 0}, {""version"": ""1.18.8"", ""no"": 0}]",0
1.18.5,5577,nodemon,TRUE,2018-10-26 10:47:46 UTC,1,https://github.com/remy/nodemon/commit/3afa52c56d31f9df93f79c53c9bc1ea4788b421e,https://libraries.io/npm/nodemon/1.18.5,github,1,,,,3,5,3,5,5,5,3,2023-07-09T11:01:23.703Z,5,5,5,939,189,1,"[{""version"": ""2.0.4"", ""no"": 32}, {""version"": ""1.18.11"", ""no"": 2}, {""version"": ""1.18.10"", ""no"": 6}, {""version"": ""1.19.4"", ""no"": 15}, {""version"": ""2.0.2"", ""no"": 37}, {""version"": ""1.18.9"", ""no"": 5}, {""version"": ""1.19.3"", ""no"": 3}, {""version"": ""2.0.3"", ""no"": 8}, {""version"": ""1.17.5"", ""no"": 6}, {""version"": ""1.19.1"", ""no"": 14}, {""version"": ""1.17.3"", ""no"": 5}, {""version"": ""1.19.2"", ""no"": 3}, {""version"": ""2.0.1"", ""no"": 0}, {""version"": ""1.11.0"", ""no"": 18}, {""version"": ""1.19.0"", ""no"": 3}, {""version"": ""1.9.1"", ""no"": 1}, {""version"": ""1.15.1"", ""no"": 0}, {""version"": ""1.18.3"", ""no"": 6}, {""version"": ""1.12.1"", ""no"": 3}, {""version"": ""1.14.11"", ""no"": 1}, {""version"": ""1.4.0"", ""no"": 0}, {""version"": ""1.10.0"", ""no"": 2}, {""version"": ""1.3.7"", ""no"": 1}, {""version"": ""1.18.6"", ""no"": 3}, {""version"": ""1.17.4"", ""no"": 4}, {""version"": ""1.14.7"", ""no"": 0}, {""version"": ""1.14.12"", ""no"": 1}, {""version"": ""1.18.4"", ""no"": 6}, {""version"": ""1.17.2"", ""no"": 0}, {""version"": ""1.18.7"", ""no"": 0}, {""version"": ""1.13.3"", ""no"": 1}, {""version"": ""1.2.1"", ""no"": 1}, {""version"": ""1.18.5"", ""no"": 1}, {""version"": ""1.18.2"", ""no"": 1}, {""version"": ""1.12.0"", ""no"": 0}, {""version"": ""1.18.8"", ""no"": 0}]",0
1.18.4,5577,nodemon,TRUE,2018-08-29 17:51:42 UTC,1,https://github.com/remy/nodemon/commit/e7d9e87955ec851b3a85f3e8a0d988b5ddacf032,https://libraries.io/npm/nodemon/1.18.4,github,6,,,,3,5,3,5,5,5,3,2023-07-09T11:01:23.703Z,5,5,5,939,189,6,"[{""version"": ""2.0.4"", ""no"": 32}, {""version"": ""1.18.11"", ""no"": 2}, {""version"": ""1.18.10"", ""no"": 6}, {""version"": ""1.19.4"", ""no"": 15}, {""version"": ""2.0.2"", ""no"": 37}, {""version"": ""1.18.9"", ""no"": 5}, {""version"": ""1.19.3"", ""no"": 3}, {""version"": ""2.0.3"", ""no"": 8}, {""version"": ""1.17.5"", ""no"": 6}, {""version"": ""1.19.1"", ""no"": 14}, {""version"": ""1.17.3"", ""no"": 5}, {""version"": ""1.19.2"", ""no"": 3}, {""version"": ""2.0.1"", ""no"": 0}, {""version"": ""1.11.0"", ""no"": 18}, {""version"": ""1.19.0"", ""no"": 3}, {""version"": ""1.9.1"", ""no"": 1}, {""version"": ""1.15.1"", ""no"": 0}, {""version"": ""1.18.3"", ""no"": 6}, {""version"": ""1.12.1"", ""no"": 3}, {""version"": ""1.14.11"", ""no"": 1}, {""version"": ""1.4.0"", ""no"": 0}, {""version"": ""1.10.0"", ""no"": 2}, {""version"": ""1.3.7"", ""no"": 1}, {""version"": ""1.18.6"", ""no"": 3}, {""version"": ""1.17.4"", ""no"": 4}, {""version"": ""1.14.7"", ""no"": 0}, {""version"": ""1.14.12"", ""no"": 1}, {""version"": ""1.18.4"", ""no"": 6}, {""version"": ""1.17.2"", ""no"": 0}, {""version"": ""1.18.7"", ""no"": 0}, {""version"": ""1.13.3"", ""no"": 1}, {""version"": ""1.2.1"", ""no"": 1}, {""version"": ""1.18.5"", ""no"": 1}, {""version"": ""1.18.2"", ""no"": 1}, {""version"": ""1.12.0"", ""no"": 0}, {""version"": ""1.18.8"", ""no"": 0}]",0
1.18.3,5577,nodemon,TRUE,2018-07-17 18:27:39 UTC,1,https://github.com/remy/nodemon/commit/11ef2983035d8fa0821e82538c8a68c0070a1648,https://libraries.io/npm/nodemon/1.18.3,github,6,,,,3,5,3,5,5,5,3,2023-07-09T11:01:23.703Z,5,5,5,939,189,6,"[{""version"": ""2.0.4"", ""no"": 32}, {""version"": ""1.18.11"", ""no"": 2}, {""version"": ""1.18.10"", ""no"": 6}, {""version"": ""1.19.4"", ""no"": 15}, {""version"": ""2.0.2"", ""no"": 37}, {""version"": ""1.18.9"", ""no"": 5}, {""version"": ""1.19.3"", ""no"": 3}, {""version"": ""2.0.3"", ""no"": 8}, {""version"": ""1.17.5"", ""no"": 6}, {""version"": ""1.19.1"", ""no"": 14}, {""version"": ""1.17.3"", ""no"": 5}, {""version"": ""1.19.2"", ""no"": 3}, {""version"": ""2.0.1"", ""no"": 0}, {""version"": ""1.11.0"", ""no"": 18}, {""version"": ""1.19.0"", ""no"": 3}, {""version"": ""1.9.1"", ""no"": 1}, {""version"": ""1.15.1"", ""no"": 0}, {""version"": ""1.18.3"", ""no"": 6}, {""version"": ""1.12.1"", ""no"": 3}, {""version"": ""1.14.11"", ""no"": 1}, {""version"": ""1.4.0"", ""no"": 0}, {""version"": ""1.10.0"", ""no"": 2}, {""version"": ""1.3.7"", ""no"": 1}, {""version"": ""1.18.6"", ""no"": 3}, {""version"": ""1.17.4"", ""no"": 4}, {""version"": ""1.14.7"", ""no"": 0}, {""version"": ""1.14.12"", ""no"": 1}, {""version"": ""1.18.4"", ""no"": 6}, {""version"": ""1.17.2"", ""no"": 0}, {""version"": ""1.18.7"", ""no"": 0}, {""version"": ""1.13.3"", ""no"": 1}, {""version"": ""1.2.1"", ""no"": 1}, {""version"": ""1.18.5"", ""no"": 1}, {""version"": ""1.18.2"", ""no"": 1}, {""version"": ""1.12.0"", ""no"": 0}, {""version"": ""1.18.8"", ""no"": 0}]",0
1.18.2,5577,nodemon,TRUE,2018-07-13 19:35:49 UTC,1,https://github.com/remy/nodemon/commit/363891ff3d9bb71f27b303a40947334645bd3979,https://libraries.io/npm/nodemon/1.18.2,github,1,,,,3,5,3,5,5,5,3,2023-07-09T11:01:23.703Z,5,5,5,939,189,1,"[{""version"": ""2.0.4"", ""no"": 32}, {""version"": ""1.18.11"", ""no"": 2}, {""version"": ""1.18.10"", ""no"": 6}, {""version"": ""1.19.4"", ""no"": 15}, {""version"": ""2.0.2"", ""no"": 37}, {""version"": ""1.18.9"", ""no"": 5}, {""version"": ""1.19.3"", ""no"": 3}, {""version"": ""2.0.3"", ""no"": 8}, {""version"": ""1.17.5"", ""no"": 6}, {""version"": ""1.19.1"", ""no"": 14}, {""version"": ""1.17.3"", ""no"": 5}, {""version"": ""1.19.2"", ""no"": 3}, {""version"": ""2.0.1"", ""no"": 0}, {""version"": ""1.11.0"", ""no"": 18}, {""version"": ""1.19.0"", ""no"": 3}, {""version"": ""1.9.1"", ""no"": 1}, {""version"": ""1.15.1"", ""no"": 0}, {""version"": ""1.18.3"", ""no"": 6}, {""version"": ""1.12.1"", ""no"": 3}, {""version"": ""1.14.11"", ""no"": 1}, {""version"": ""1.4.0"", ""no"": 0}, {""version"": ""1.10.0"", ""no"": 2}, {""version"": ""1.3.7"", ""no"": 1}, {""version"": ""1.18.6"", ""no"": 3}, {""version"": ""1.17.4"", ""no"": 4}, {""version"": ""1.14.7"", ""no"": 0}, {""version"": ""1.14.12"", ""no"": 1}, {""version"": ""1.18.4"", ""no"": 6}, {""version"": ""1.17.2"", ""no"": 0}, {""version"": ""1.18.7"", ""no"": 0}, {""version"": ""1.13.3"", ""no"": 1}, {""version"": ""1.2.1"", ""no"": 1}, {""version"": ""1.18.5"", ""no"": 1}, {""version"": ""1.18.2"", ""no"": 1}, {""version"": ""1.12.0"", ""no"": 0}, {""version"": ""1.18.8"", ""no"": 0}]",0
1.18.11,5577,nodemon,TRUE,2019-04-08 21:05:01 UTC,1,https://github.com/remy/nodemon/commit/aa41ab2124679306000351bef3e9a4366636f72a,https://libraries.io/npm/nodemon/1.18.11,github,2,,,,3,5,3,5,5,5,3,2023-07-09T11:01:23.703Z,5,5,5,939,189,2,"[{""version"": ""2.0.4"", ""no"": 32}, {""version"": ""1.18.11"", ""no"": 2}, {""version"": ""1.18.10"", ""no"": 6}, {""version"": ""1.19.4"", ""no"": 15}, {""version"": ""2.0.2"", ""no"": 37}, {""version"": ""1.18.9"", ""no"": 5}, {""version"": ""1.19.3"", ""no"": 3}, {""version"": ""2.0.3"", ""no"": 8}, {""version"": ""1.17.5"", ""no"": 6}, {""version"": ""1.19.1"", ""no"": 14}, {""version"": ""1.17.3"", ""no"": 5}, {""version"": ""1.19.2"", ""no"": 3}, {""version"": ""2.0.1"", ""no"": 0}, {""version"": ""1.11.0"", ""no"": 18}, {""version"": ""1.19.0"", ""no"": 3}, {""version"": ""1.9.1"", ""no"": 1}, {""version"": ""1.15.1"", ""no"": 0}, {""version"": ""1.18.3"", ""no"": 6}, {""version"": ""1.12.1"", ""no"": 3}, {""version"": ""1.14.11"", ""no"": 1}, {""version"": ""1.4.0"", ""no"": 0}, {""version"": ""1.10.0"", ""no"": 2}, {""version"": ""1.3.7"", ""no"": 1}, {""version"": ""1.18.6"", ""no"": 3}, {""version"": ""1.17.4"", ""no"": 4}, {""version"": ""1.14.7"", ""no"": 0}, {""version"": ""1.14.12"", ""no"": 1}, {""version"": ""1.18.4"", ""no"": 6}, {""version"": ""1.17.2"", ""no"": 0}, {""version"": ""1.18.7"", ""no"": 0}, {""version"": ""1.13.3"", ""no"": 1}, {""version"": ""1.2.1"", ""no"": 1}, {""version"": ""1.18.5"", ""no"": 1}, {""version"": ""1.18.2"", ""no"": 1}, {""version"": ""1.12.0"", ""no"": 0}, {""version"": ""1.18.8"", ""no"": 0}]",0
1.18.10,5577,nodemon,TRUE,2019-02-08 22:20:16 UTC,1,https://github.com/remy/nodemon/commit/fb0c078013c4b50a7e47f415aee9cf9168fc16db,https://libraries.io/npm/nodemon/1.18.10,github,6,,,,3,5,3,5,5,5,3,2023-07-09T11:01:23.703Z,5,5,5,939,189,6,"[{""version"": ""2.0.4"", ""no"": 32}, {""version"": ""1.18.11"", ""no"": 2}, {""version"": ""1.18.10"", ""no"": 6}, {""version"": ""1.19.4"", ""no"": 15}, {""version"": ""2.0.2"", ""no"": 37}, {""version"": ""1.18.9"", ""no"": 5}, {""version"": ""1.19.3"", ""no"": 3}, {""version"": ""2.0.3"", ""no"": 8}, {""version"": ""1.17.5"", ""no"": 6}, {""version"": ""1.19.1"", ""no"": 14}, {""version"": ""1.17.3"", ""no"": 5}, {""version"": ""1.19.2"", ""no"": 3}, {""version"": ""2.0.1"", ""no"": 0}, {""version"": ""1.11.0"", ""no"": 18}, {""version"": ""1.19.0"", ""no"": 3}, {""version"": ""1.9.1"", ""no"": 1}, {""version"": ""1.15.1"", ""no"": 0}, {""version"": ""1.18.3"", ""no"": 6}, {""version"": ""1.12.1"", ""no"": 3}, {""version"": ""1.14.11"", ""no"": 1}, {""version"": ""1.4.0"", ""no"": 0}, {""version"": ""1.10.0"", ""no"": 2}, {""version"": ""1.3.7"", ""no"": 1}, {""version"": ""1.18.6"", ""no"": 3}, {""version"": ""1.17.4"", ""no"": 4}, {""version"": ""1.14.7"", ""no"": 0}, {""version"": ""1.14.12"", ""no"": 1}, {""version"": ""1.18.4"", ""no"": 6}, {""version"": ""1.17.2"", ""no"": 0}, {""version"": ""1.18.7"", ""no"": 0}, {""version"": ""1.13.3"", ""no"": 1}, {""version"": ""1.2.1"", ""no"": 1}, {""version"": ""1.18.5"", ""no"": 1}, {""version"": ""1.18.2"", ""no"": 1}, {""version"": ""1.12.0"", ""no"": 0}, {""version"": ""1.18.8"", ""no"": 0}]",0
1.17.5,5577,nodemon,TRUE,2018-05-23 07:19:38 UTC,1,https://github.com/remy/nodemon/commit/b3fc3a9aa9ae446b9a7ebc6a3836129376d2720a,https://libraries.io/npm/nodemon/1.17.5,github,6,,,,3,5,3,5,5,5,3,2023-07-09T11:01:23.703Z,5,5,5,939,189,6,"[{""version"": ""2.0.4"", ""no"": 32}, {""version"": ""1.18.11"", ""no"": 2}, {""version"": ""1.18.10"", ""no"": 6}, {""version"": ""1.19.4"", ""no"": 15}, {""version"": ""2.0.2"", ""no"": 37}, {""version"": ""1.18.9"", ""no"": 5}, {""version"": ""1.19.3"", ""no"": 3}, {""version"": ""2.0.3"", ""no"": 8}, {""version"": ""1.17.5"", ""no"": 6}, {""version"": ""1.19.1"", ""no"": 14}, {""version"": ""1.17.3"", ""no"": 5}, {""version"": ""1.19.2"", ""no"": 3}, {""version"": ""2.0.1"", ""no"": 0}, {""version"": ""1.11.0"", ""no"": 18}, {""version"": ""1.19.0"", ""no"": 3}, {""version"": ""1.9.1"", ""no"": 1}, {""version"": ""1.15.1"", ""no"": 0}, {""version"": ""1.18.3"", ""no"": 6}, {""version"": ""1.12.1"", ""no"": 3}, {""version"": ""1.14.11"", ""no"": 1}, {""version"": ""1.4.0"", ""no"": 0}, {""version"": ""1.10.0"", ""no"": 2}, {""version"": ""1.3.7"", ""no"": 1}, {""version"": ""1.18.6"", ""no"": 3}, {""version"": ""1.17.4"", ""no"": 4}, {""version"": ""1.14.7"", ""no"": 0}, {""version"": ""1.14.12"", ""no"": 1}, {""version"": ""1.18.4"", ""no"": 6}, {""version"": ""1.17.2"", ""no"": 0}, {""version"": ""1.18.7"", ""no"": 0}, {""version"": ""1.13.3"", ""no"": 1}, {""version"": ""1.2.1"", ""no"": 1}, {""version"": ""1.18.5"", ""no"": 1}, {""version"": ""1.18.2"", ""no"": 1}, {""version"": ""1.12.0"", ""no"": 0}, {""version"": ""1.18.8"", ""no"": 0}]",0
1.17.4,5577,nodemon,TRUE,2018-05-05 19:23:46 UTC,1,https://github.com/remy/nodemon/commit/ee2aac1651c24243d1630631449b4636265dd1d9,https://libraries.io/npm/nodemon/1.17.4,github,4,,,,3,5,3,5,5,5,3,2023-07-09T11:01:23.703Z,5,5,5,939,189,4,"[{""version"": ""2.0.4"", ""no"": 32}, {""version"": ""1.18.11"", ""no"": 2}, {""version"": ""1.18.10"", ""no"": 6}, {""version"": ""1.19.4"", ""no"": 15}, {""version"": ""2.0.2"", ""no"": 37}, {""version"": ""1.18.9"", ""no"": 5}, {""version"": ""1.19.3"", ""no"": 3}, {""version"": ""2.0.3"", ""no"": 8}, {""version"": ""1.17.5"", ""no"": 6}, {""version"": ""1.19.1"", ""no"": 14}, {""version"": ""1.17.3"", ""no"": 5}, {""version"": ""1.19.2"", ""no"": 3}, {""version"": ""2.0.1"", ""no"": 0}, {""version"": ""1.11.0"", ""no"": 18}, {""version"": ""1.19.0"", ""no"": 3}, {""version"": ""1.9.1"", ""no"": 1}, {""version"": ""1.15.1"", ""no"": 0}, {""version"": ""1.18.3"", ""no"": 6}, {""version"": ""1.12.1"", ""no"": 3}, {""version"": ""1.14.11"", ""no"": 1}, {""version"": ""1.4.0"", ""no"": 0}, {""version"": ""1.10.0"", ""no"": 2}, {""version"": ""1.3.7"", ""no"": 1}, {""version"": ""1.18.6"", ""no"": 3}, {""version"": ""1.17.4"", ""no"": 4}, {""version"": ""1.14.7"", ""no"": 0}, {""version"": ""1.14.12"", ""no"": 1}, {""version"": ""1.18.4"", ""no"": 6}, {""version"": ""1.17.2"", ""no"": 0}, {""version"": ""1.18.7"", ""no"": 0}, {""version"": ""1.13.3"", ""no"": 1}, {""version"": ""1.2.1"", ""no"": 1}, {""version"": ""1.18.5"", ""no"": 1}, {""version"": ""1.18.2"", ""no"": 1}, {""version"": ""1.12.0"", ""no"": 0}, {""version"": ""1.18.8"", ""no"": 0}]",0
1.17.3,5577,nodemon,TRUE,2018-03-31 07:56:29 UTC,1,https://github.com/remy/nodemon/commit/aa18c806b37715a5b13aa7660e098f1fe7319a1c,https://libraries.io/npm/nodemon/1.17.3,github,5,,,,3,5,3,5,5,5,3,2023-07-09T11:01:23.703Z,5,5,5,939,189,5,"[{""version"": ""2.0.4"", ""no"": 32}, {""version"": ""1.18.11"", ""no"": 2}, {""version"": ""1.18.10"", ""no"": 6}, {""version"": ""1.19.4"", ""no"": 15}, {""version"": ""2.0.2"", ""no"": 37}, {""version"": ""1.18.9"", ""no"": 5}, {""version"": ""1.19.3"", ""no"": 3}, {""version"": ""2.0.3"", ""no"": 8}, {""version"": ""1.17.5"", ""no"": 6}, {""version"": ""1.19.1"", ""no"": 14}, {""version"": ""1.17.3"", ""no"": 5}, {""version"": ""1.19.2"", ""no"": 3}, {""version"": ""2.0.1"", ""no"": 0}, {""version"": ""1.11.0"", ""no"": 18}, {""version"": ""1.19.0"", ""no"": 3}, {""version"": ""1.9.1"", ""no"": 1}, {""version"": ""1.15.1"", ""no"": 0}, {""version"": ""1.18.3"", ""no"": 6}, {""version"": ""1.12.1"", ""no"": 3}, {""version"": ""1.14.11"", ""no"": 1}, {""version"": ""1.4.0"", ""no"": 0}, {""version"": ""1.10.0"", ""no"": 2}, {""version"": ""1.3.7"", ""no"": 1}, {""version"": ""1.18.6"", ""no"": 3}, {""version"": ""1.17.4"", ""no"": 4}, {""version"": ""1.14.7"", ""no"": 0}, {""version"": ""1.14.12"", ""no"": 1}, {""version"": ""1.18.4"", ""no"": 6}, {""version"": ""1.17.2"", ""no"": 0}, {""version"": ""1.18.7"", ""no"": 0}, {""version"": ""1.13.3"", ""no"": 1}, {""version"": ""1.2.1"", ""no"": 1}, {""version"": ""1.18.5"", ""no"": 1}, {""version"": ""1.18.2"", ""no"": 1}, {""version"": ""1.12.0"", ""no"": 0}, {""version"": ""1.18.8"", ""no"": 0}]",0
1.17.2,5577,nodemon,TRUE,2018-03-13 21:51:42 UTC,1,https://github.com/remy/nodemon/commit/89d6062c687dce31f7878f3b7f427ed332e5cdd9,https://libraries.io/npm/nodemon/1.17.2,github,0,,,,3,5,3,5,5,5,3,2023-07-09T11:01:23.703Z,5,5,5,939,189,0,"[{""version"": ""2.0.4"", ""no"": 32}, {""version"": ""1.18.11"", ""no"": 2}, {""version"": ""1.18.10"", ""no"": 6}, {""version"": ""1.19.4"", ""no"": 15}, {""version"": ""2.0.2"", ""no"": 37}, {""version"": ""1.18.9"", ""no"": 5}, {""version"": ""1.19.3"", ""no"": 3}, {""version"": ""2.0.3"", ""no"": 8}, {""version"": ""1.17.5"", ""no"": 6}, {""version"": ""1.19.1"", ""no"": 14}, {""version"": ""1.17.3"", ""no"": 5}, {""version"": ""1.19.2"", ""no"": 3}, {""version"": ""2.0.1"", ""no"": 0}, {""version"": ""1.11.0"", ""no"": 18}, {""version"": ""1.19.0"", ""no"": 3}, {""version"": ""1.9.1"", ""no"": 1}, {""version"": ""1.15.1"", ""no"": 0}, {""version"": ""1.18.3"", ""no"": 6}, {""version"": ""1.12.1"", ""no"": 3}, {""version"": ""1.14.11"", ""no"": 1}, {""version"": ""1.4.0"", ""no"": 0}, {""version"": ""1.10.0"", ""no"": 2}, {""version"": ""1.3.7"", ""no"": 1}, {""version"": ""1.18.6"", ""no"": 3}, {""version"": ""1.17.4"", ""no"": 4}, {""version"": ""1.14.7"", ""no"": 0}, {""version"": ""1.14.12"", ""no"": 1}, {""version"": ""1.18.4"", ""no"": 6}, {""version"": ""1.17.2"", ""no"": 0}, {""version"": ""1.18.7"", ""no"": 0}, {""version"": ""1.13.3"", ""no"": 1}, {""version"": ""1.2.1"", ""no"": 1}, {""version"": ""1.18.5"", ""no"": 1}, {""version"": ""1.18.2"", ""no"": 1}, {""version"": ""1.12.0"", ""no"": 0}, {""version"": ""1.18.8"", ""no"": 0}]",0
1.15.1,5577,nodemon,TRUE,2018-02-19 16:54:36 UTC,1,https://github.com/remy/nodemon/commit/1cda8fae4333f3e37c54d0923d99b9132fb6a010,https://libraries.io/npm/nodemon/1.15.1,github,0,,,,3,5,3,5,5,5,3,2023-07-09T11:01:23.703Z,5,5,5,939,189,0,"[{""version"": ""2.0.4"", ""no"": 32}, {""version"": ""1.18.11"", ""no"": 2}, {""version"": ""1.18.10"", ""no"": 6}, {""version"": ""1.19.4"", ""no"": 15}, {""version"": ""2.0.2"", ""no"": 37}, {""version"": ""1.18.9"", ""no"": 5}, {""version"": ""1.19.3"", ""no"": 3}, {""version"": ""2.0.3"", ""no"": 8}, {""version"": ""1.17.5"", ""no"": 6}, {""version"": ""1.19.1"", ""no"": 14}, {""version"": ""1.17.3"", ""no"": 5}, {""version"": ""1.19.2"", ""no"": 3}, {""version"": ""2.0.1"", ""no"": 0}, {""version"": ""1.11.0"", ""no"": 18}, {""version"": ""1.19.0"", ""no"": 3}, {""version"": ""1.9.1"", ""no"": 1}, {""version"": ""1.15.1"", ""no"": 0}, {""version"": ""1.18.3"", ""no"": 6}, {""version"": ""1.12.1"", ""no"": 3}, {""version"": ""1.14.11"", ""no"": 1}, {""version"": ""1.4.0"", ""no"": 0}, {""version"": ""1.10.0"", ""no"": 2}, {""version"": ""1.3.7"", ""no"": 1}, {""version"": ""1.18.6"", ""no"": 3}, {""version"": ""1.17.4"", ""no"": 4}, {""version"": ""1.14.7"", ""no"": 0}, {""version"": ""1.14.12"", ""no"": 1}, {""version"": ""1.18.4"", ""no"": 6}, {""version"": ""1.17.2"", ""no"": 0}, {""version"": ""1.18.7"", ""no"": 0}, {""version"": ""1.13.3"", ""no"": 1}, {""version"": ""1.2.1"", ""no"": 1}, {""version"": ""1.18.5"", ""no"": 1}, {""version"": ""1.18.2"", ""no"": 1}, {""version"": ""1.12.0"", ""no"": 0}, {""version"": ""1.18.8"", ""no"": 0}]",0
1.14.7,5577,nodemon,TRUE,2017-12-31 20:13:05 UTC,1,https://github.com/remy/nodemon/commit/6e7ce4bbe267336a00346101f42ad4eb05285dac,https://libraries.io/npm/nodemon/1.14.7,github,0,,,,3,5,3,5,5,5,3,2023-07-09T11:01:23.703Z,5,5,5,939,189,0,"[{""version"": ""2.0.4"", ""no"": 32}, {""version"": ""1.18.11"", ""no"": 2}, {""version"": ""1.18.10"", ""no"": 6}, {""version"": ""1.19.4"", ""no"": 15}, {""version"": ""2.0.2"", ""no"": 37}, {""version"": ""1.18.9"", ""no"": 5}, {""version"": ""1.19.3"", ""no"": 3}, {""version"": ""2.0.3"", ""no"": 8}, {""version"": ""1.17.5"", ""no"": 6}, {""version"": ""1.19.1"", ""no"": 14}, {""version"": ""1.17.3"", ""no"": 5}, {""version"": ""1.19.2"", ""no"": 3}, {""version"": ""2.0.1"", ""no"": 0}, {""version"": ""1.11.0"", ""no"": 18}, {""version"": ""1.19.0"", ""no"": 3}, {""version"": ""1.9.1"", ""no"": 1}, {""version"": ""1.15.1"", ""no"": 0}, {""version"": ""1.18.3"", ""no"": 6}, {""version"": ""1.12.1"", ""no"": 3}, {""version"": ""1.14.11"", ""no"": 1}, {""version"": ""1.4.0"", ""no"": 0}, {""version"": ""1.10.0"", ""no"": 2}, {""version"": ""1.3.7"", ""no"": 1}, {""version"": ""1.18.6"", ""no"": 3}, {""version"": ""1.17.4"", ""no"": 4}, {""version"": ""1.14.7"", ""no"": 0}, {""version"": ""1.14.12"", ""no"": 1}, {""version"": ""1.18.4"", ""no"": 6}, {""version"": ""1.17.2"", ""no"": 0}, {""version"": ""1.18.7"", ""no"": 0}, {""version"": ""1.13.3"", ""no"": 1}, {""version"": ""1.2.1"", ""no"": 1}, {""version"": ""1.18.5"", ""no"": 1}, {""version"": ""1.18.2"", ""no"": 1}, {""version"": ""1.12.0"", ""no"": 0}, {""version"": ""1.18.8"", ""no"": 0}]",0
1.14.12,5577,nodemon,TRUE,2018-02-01 22:52:12 UTC,1,https://github.com/remy/nodemon/commit/33fa6f4970412a6bfa12ff357f44dfebf0ad63c7,https://libraries.io/npm/nodemon/1.14.12,github,1,,,,3,5,3,5,5,5,3,2023-07-09T11:01:23.703Z,5,5,5,939,189,1,"[{""version"": ""2.0.4"", ""no"": 32}, {""version"": ""1.18.11"", ""no"": 2}, {""version"": ""1.18.10"", ""no"": 6}, {""version"": ""1.19.4"", ""no"": 15}, {""version"": ""2.0.2"", ""no"": 37}, {""version"": ""1.18.9"", ""no"": 5}, {""version"": ""1.19.3"", ""no"": 3}, {""version"": ""2.0.3"", ""no"": 8}, {""version"": ""1.17.5"", ""no"": 6}, {""version"": ""1.19.1"", ""no"": 14}, {""version"": ""1.17.3"", ""no"": 5}, {""version"": ""1.19.2"", ""no"": 3}, {""version"": ""2.0.1"", ""no"": 0}, {""version"": ""1.11.0"", ""no"": 18}, {""version"": ""1.19.0"", ""no"": 3}, {""version"": ""1.9.1"", ""no"": 1}, {""version"": ""1.15.1"", ""no"": 0}, {""version"": ""1.18.3"", ""no"": 6}, {""version"": ""1.12.1"", ""no"": 3}, {""version"": ""1.14.11"", ""no"": 1}, {""version"": ""1.4.0"", ""no"": 0}, {""version"": ""1.10.0"", ""no"": 2}, {""version"": ""1.3.7"", ""no"": 1}, {""version"": ""1.18.6"", ""no"": 3}, {""version"": ""1.17.4"", ""no"": 4}, {""version"": ""1.14.7"", ""no"": 0}, {""version"": ""1.14.12"", ""no"": 1}, {""version"": ""1.18.4"", ""no"": 6}, {""version"": ""1.17.2"", ""no"": 0}, {""version"": ""1.18.7"", ""no"": 0}, {""version"": ""1.13.3"", ""no"": 1}, {""version"": ""1.2.1"", ""no"": 1}, {""version"": ""1.18.5"", ""no"": 1}, {""version"": ""1.18.2"", ""no"": 1}, {""version"": ""1.12.0"", ""no"": 0}, {""version"": ""1.18.8"", ""no"": 0}]",0
1.14.11,5577,nodemon,TRUE,2018-01-11 11:05:52 UTC,1,https://github.com/remy/nodemon/commit/4be493ca0d79be98ffe7160588148b0cc1575c79,https://libraries.io/npm/nodemon/1.14.11,github,1,,,,3,5,3,5,5,5,3,2023-07-09T11:01:23.703Z,5,5,5,939,189,1,"[{""version"": ""2.0.4"", ""no"": 32}, {""version"": ""1.18.11"", ""no"": 2}, {""version"": ""1.18.10"", ""no"": 6}, {""version"": ""1.19.4"", ""no"": 15}, {""version"": ""2.0.2"", ""no"": 37}, {""version"": ""1.18.9"", ""no"": 5}, {""version"": ""1.19.3"", ""no"": 3}, {""version"": ""2.0.3"", ""no"": 8}, {""version"": ""1.17.5"", ""no"": 6}, {""version"": ""1.19.1"", ""no"": 14}, {""version"": ""1.17.3"", ""no"": 5}, {""version"": ""1.19.2"", ""no"": 3}, {""version"": ""2.0.1"", ""no"": 0}, {""version"": ""1.11.0"", ""no"": 18}, {""version"": ""1.19.0"", ""no"": 3}, {""version"": ""1.9.1"", ""no"": 1}, {""version"": ""1.15.1"", ""no"": 0}, {""version"": ""1.18.3"", ""no"": 6}, {""version"": ""1.12.1"", ""no"": 3}, {""version"": ""1.14.11"", ""no"": 1}, {""version"": ""1.4.0"", ""no"": 0}, {""version"": ""1.10.0"", ""no"": 2}, {""version"": ""1.3.7"", ""no"": 1}, {""version"": ""1.18.6"", ""no"": 3}, {""version"": ""1.17.4"", ""no"": 4}, {""version"": ""1.14.7"", ""no"": 0}, {""version"": ""1.14.12"", ""no"": 1}, {""version"": ""1.18.4"", ""no"": 6}, {""version"": ""1.17.2"", ""no"": 0}, {""version"": ""1.18.7"", ""no"": 0}, {""version"": ""1.13.3"", ""no"": 1}, {""version"": ""1.2.1"", ""no"": 1}, {""version"": ""1.18.5"", ""no"": 1}, {""version"": ""1.18.2"", ""no"": 1}, {""version"": ""1.12.0"", ""no"": 0}, {""version"": ""1.18.8"", ""no"": 0}]",0
1.13.3,5577,nodemon,TRUE,2017-12-16 01:22:17 UTC,1,https://github.com/remy/nodemon/commit/1171fc1a9aa6028e8d0c2aa6defe30f799ee4242,https://libraries.io/npm/nodemon/1.13.3,github,1,,,,3,5,3,5,5,5,3,2023-07-09T11:01:23.703Z,5,5,5,939,189,1,"[{""version"": ""2.0.4"", ""no"": 32}, {""version"": ""1.18.11"", ""no"": 2}, {""version"": ""1.18.10"", ""no"": 6}, {""version"": ""1.19.4"", ""no"": 15}, {""version"": ""2.0.2"", ""no"": 37}, {""version"": ""1.18.9"", ""no"": 5}, {""version"": ""1.19.3"", ""no"": 3}, {""version"": ""2.0.3"", ""no"": 8}, {""version"": ""1.17.5"", ""no"": 6}, {""version"": ""1.19.1"", ""no"": 14}, {""version"": ""1.17.3"", ""no"": 5}, {""version"": ""1.19.2"", ""no"": 3}, {""version"": ""2.0.1"", ""no"": 0}, {""version"": ""1.11.0"", ""no"": 18}, {""version"": ""1.19.0"", ""no"": 3}, {""version"": ""1.9.1"", ""no"": 1}, {""version"": ""1.15.1"", ""no"": 0}, {""version"": ""1.18.3"", ""no"": 6}, {""version"": ""1.12.1"", ""no"": 3}, {""version"": ""1.14.11"", ""no"": 1}, {""version"": ""1.4.0"", ""no"": 0}, {""version"": ""1.10.0"", ""no"": 2}, {""version"": ""1.3.7"", ""no"": 1}, {""version"": ""1.18.6"", ""no"": 3}, {""version"": ""1.17.4"", ""no"": 4}, {""version"": ""1.14.7"", ""no"": 0}, {""version"": ""1.14.12"", ""no"": 1}, {""version"": ""1.18.4"", ""no"": 6}, {""version"": ""1.17.2"", ""no"": 0}, {""version"": ""1.18.7"", ""no"": 0}, {""version"": ""1.13.3"", ""no"": 1}, {""version"": ""1.2.1"", ""no"": 1}, {""version"": ""1.18.5"", ""no"": 1}, {""version"": ""1.18.2"", ""no"": 1}, {""version"": ""1.12.0"", ""no"": 0}, {""version"": ""1.18.8"", ""no"": 0}]",0
1.12.1,5577,nodemon,TRUE,2017-09-15 06:43:18 UTC,1,,https://libraries.io/npm/nodemon/1.12.1,librariesio,3,,,,3,5,3,5,5,5,3,2023-07-09T08:45:14.215Z,5,5,5,34298,189,3,"[{""version"": ""2.0.4"", ""no"": 32}, {""version"": ""1.18.11"", ""no"": 2}, {""version"": ""1.18.10"", ""no"": 6}, {""version"": ""1.19.4"", ""no"": 15}, {""version"": ""2.0.2"", ""no"": 37}, {""version"": ""1.18.9"", ""no"": 5}, {""version"": ""1.19.3"", ""no"": 3}, {""version"": ""2.0.3"", ""no"": 8}, {""version"": ""1.17.5"", ""no"": 6}, {""version"": ""1.19.1"", ""no"": 14}, {""version"": ""1.17.3"", ""no"": 5}, {""version"": ""1.19.2"", ""no"": 3}, {""version"": ""2.0.1"", ""no"": 0}, {""version"": ""1.11.0"", ""no"": 18}, {""version"": ""1.19.0"", ""no"": 3}, {""version"": ""1.9.1"", ""no"": 1}, {""version"": ""1.15.1"", ""no"": 0}, {""version"": ""1.18.3"", ""no"": 6}, {""version"": ""1.12.1"", ""no"": 3}, {""version"": ""1.14.11"", ""no"": 1}, {""version"": ""1.4.0"", ""no"": 0}, {""version"": ""1.10.0"", ""no"": 2}, {""version"": ""1.3.7"", ""no"": 1}, {""version"": ""1.18.6"", ""no"": 3}, {""version"": ""1.17.4"", ""no"": 4}, {""version"": ""1.14.7"", ""no"": 0}, {""version"": ""1.14.12"", ""no"": 1}, {""version"": ""1.18.4"", ""no"": 6}, {""version"": ""1.17.2"", ""no"": 0}, {""version"": ""1.18.7"", ""no"": 0}, {""version"": ""1.13.3"", ""no"": 1}, {""version"": ""1.2.1"", ""no"": 1}, {""version"": ""1.18.5"", ""no"": 1}, {""version"": ""1.18.2"", ""no"": 1}, {""version"": ""1.12.0"", ""no"": 0}, {""version"": ""1.18.8"", ""no"": 0}]",0
1.12.0,5577,nodemon,TRUE,2017-09-04 19:45:50 UTC,1,,https://libraries.io/npm/nodemon/1.12.0,librariesio,0,,,,3,5,3,5,5,5,3,2023-07-09T08:45:14.215Z,5,5,5,34298,189,0,"[{""version"": ""2.0.4"", ""no"": 32}, {""version"": ""1.18.11"", ""no"": 2}, {""version"": ""1.18.10"", ""no"": 6}, {""version"": ""1.19.4"", ""no"": 15}, {""version"": ""2.0.2"", ""no"": 37}, {""version"": ""1.18.9"", ""no"": 5}, {""version"": ""1.19.3"", ""no"": 3}, {""version"": ""2.0.3"", ""no"": 8}, {""version"": ""1.17.5"", ""no"": 6}, {""version"": ""1.19.1"", ""no"": 14}, {""version"": ""1.17.3"", ""no"": 5}, {""version"": ""1.19.2"", ""no"": 3}, {""version"": ""2.0.1"", ""no"": 0}, {""version"": ""1.11.0"", ""no"": 18}, {""version"": ""1.19.0"", ""no"": 3}, {""version"": ""1.9.1"", ""no"": 1}, {""version"": ""1.15.1"", ""no"": 0}, {""version"": ""1.18.3"", ""no"": 6}, {""version"": ""1.12.1"", ""no"": 3}, {""version"": ""1.14.11"", ""no"": 1}, {""version"": ""1.4.0"", ""no"": 0}, {""version"": ""1.10.0"", ""no"": 2}, {""version"": ""1.3.7"", ""no"": 1}, {""version"": ""1.18.6"", ""no"": 3}, {""version"": ""1.17.4"", ""no"": 4}, {""version"": ""1.14.7"", ""no"": 0}, {""version"": ""1.14.12"", ""no"": 1}, {""version"": ""1.18.4"", ""no"": 6}, {""version"": ""1.17.2"", ""no"": 0}, {""version"": ""1.18.7"", ""no"": 0}, {""version"": ""1.13.3"", ""no"": 1}, {""version"": ""1.2.1"", ""no"": 1}, {""version"": ""1.18.5"", ""no"": 1}, {""version"": ""1.18.2"", ""no"": 1}, {""version"": ""1.12.0"", ""no"": 0}, {""version"": ""1.18.8"", ""no"": 0}]",0
1.11.0,5577,nodemon,TRUE,2016-10-06 18:56:13 UTC,1,https://github.com/remy/nodemon/commit/2cd85b1f609e9749d19afcdbd71368e6ab063f9d,https://libraries.io/npm/nodemon/1.11.0,github,18,,,,3,5,3,5,5,5,3,2023-07-09T11:01:23.703Z,5,5,5,939,189,18,"[{""version"": ""2.0.4"", ""no"": 32}, {""version"": ""1.18.11"", ""no"": 2}, {""version"": ""1.18.10"", ""no"": 6}, {""version"": ""1.19.4"", ""no"": 15}, {""version"": ""2.0.2"", ""no"": 37}, {""version"": ""1.18.9"", ""no"": 5}, {""version"": ""1.19.3"", ""no"": 3}, {""version"": ""2.0.3"", ""no"": 8}, {""version"": ""1.17.5"", ""no"": 6}, {""version"": ""1.19.1"", ""no"": 14}, {""version"": ""1.17.3"", ""no"": 5}, {""version"": ""1.19.2"", ""no"": 3}, {""version"": ""2.0.1"", ""no"": 0}, {""version"": ""1.11.0"", ""no"": 18}, {""version"": ""1.19.0"", ""no"": 3}, {""version"": ""1.9.1"", ""no"": 1}, {""version"": ""1.15.1"", ""no"": 0}, {""version"": ""1.18.3"", ""no"": 6}, {""version"": ""1.12.1"", ""no"": 3}, {""version"": ""1.14.11"", ""no"": 1}, {""version"": ""1.4.0"", ""no"": 0}, {""version"": ""1.10.0"", ""no"": 2}, {""version"": ""1.3.7"", ""no"": 1}, {""version"": ""1.18.6"", ""no"": 3}, {""version"": ""1.17.4"", ""no"": 4}, {""version"": ""1.14.7"", ""no"": 0}, {""version"": ""1.14.12"", ""no"": 1}, {""version"": ""1.18.4"", ""no"": 6}, {""version"": ""1.17.2"", ""no"": 0}, {""version"": ""1.18.7"", ""no"": 0}, {""version"": ""1.13.3"", ""no"": 1}, {""version"": ""1.2.1"", ""no"": 1}, {""version"": ""1.18.5"", ""no"": 1}, {""version"": ""1.18.2"", ""no"": 1}, {""version"": ""1.12.0"", ""no"": 0}, {""version"": ""1.18.8"", ""no"": 0}]",0
1.10.0,5577,nodemon,TRUE,2016-07-25 21:24:00 UTC,1,https://github.com/remy/nodemon/commit/ee110add5399829021ebe53c17cb4dd006d3e5e4,https://libraries.io/npm/nodemon/1.10.0,github,2,,,,3,5,3,5,5,5,3,2023-07-09T11:01:23.703Z,5,5,5,939,189,2,"[{""version"": ""2.0.4"", ""no"": 32}, {""version"": ""1.18.11"", ""no"": 2}, {""version"": ""1.18.10"", ""no"": 6}, {""version"": ""1.19.4"", ""no"": 15}, {""version"": ""2.0.2"", ""no"": 37}, {""version"": ""1.18.9"", ""no"": 5}, {""version"": ""1.19.3"", ""no"": 3}, {""version"": ""2.0.3"", ""no"": 8}, {""version"": ""1.17.5"", ""no"": 6}, {""version"": ""1.19.1"", ""no"": 14}, {""version"": ""1.17.3"", ""no"": 5}, {""version"": ""1.19.2"", ""no"": 3}, {""version"": ""2.0.1"", ""no"": 0}, {""version"": ""1.11.0"", ""no"": 18}, {""version"": ""1.19.0"", ""no"": 3}, {""version"": ""1.9.1"", ""no"": 1}, {""version"": ""1.15.1"", ""no"": 0}, {""version"": ""1.18.3"", ""no"": 6}, {""version"": ""1.12.1"", ""no"": 3}, {""version"": ""1.14.11"", ""no"": 1}, {""version"": ""1.4.0"", ""no"": 0}, {""version"": ""1.10.0"", ""no"": 2}, {""version"": ""1.3.7"", ""no"": 1}, {""version"": ""1.18.6"", ""no"": 3}, {""version"": ""1.17.4"", ""no"": 4}, {""version"": ""1.14.7"", ""no"": 0}, {""version"": ""1.14.12"", ""no"": 1}, {""version"": ""1.18.4"", ""no"": 6}, {""version"": ""1.17.2"", ""no"": 0}, {""version"": ""1.18.7"", ""no"": 0}, {""version"": ""1.13.3"", ""no"": 1}, {""version"": ""1.2.1"", ""no"": 1}, {""version"": ""1.18.5"", ""no"": 1}, {""version"": ""1.18.2"", ""no"": 1}, {""version"": ""1.12.0"", ""no"": 0}, {""version"": ""1.18.8"", ""no"": 0}]",0
1.8.8,10249,Bunyan,TRUE,2017-03-03 22:40:35 UTC,1,,https://libraries.io/npm/bunyan/1.8.8,librariesio,0,,,,5,4,3,5,5,5,4,2021-01-08T23:34:23.784Z,5,5,5,3755,16,0,"[{""version"": ""1.8.12"", ""no"": 13}, {""version"": ""1.8.14"", ""no"": 2}, {""version"": ""1.8.0"", ""no"": 0}, {""version"": ""1.8.3"", ""no"": 0}, {""version"": ""1.8.8"", ""no"": 0}, {""version"": ""1.8.1"", ""no"": 1}, {""version"": ""1.8.5"", ""no"": 0}, {""version"": ""1.8.10"", ""no"": 0}]",0
1.8.5,10249,Bunyan,TRUE,2016-11-14 18:40:23 UTC,1,,https://libraries.io/npm/bunyan/1.8.5,librariesio,0,,,,5,4,3,5,5,5,4,2021-01-08T23:34:23.784Z,5,5,5,3755,16,0,"[{""version"": ""1.8.12"", ""no"": 13}, {""version"": ""1.8.14"", ""no"": 2}, {""version"": ""1.8.0"", ""no"": 0}, {""version"": ""1.8.3"", ""no"": 0}, {""version"": ""1.8.8"", ""no"": 0}, {""version"": ""1.8.1"", ""no"": 1}, {""version"": ""1.8.5"", ""no"": 0}, {""version"": ""1.8.10"", ""no"": 0}]",0
1.8.3,10249,Bunyan,TRUE,2016-10-18 20:34:17 UTC,1,,https://libraries.io/npm/bunyan/1.8.3,librariesio,0,,,,4,4,3,5,5,5,4,2021-01-08T23:34:23.784Z,5,5,5,3755,16,0,"[{""version"": ""1.8.12"", ""no"": 13}, {""version"": ""1.8.14"", ""no"": 2}, {""version"": ""1.8.0"", ""no"": 0}, {""version"": ""1.8.3"", ""no"": 0}, {""version"": ""1.8.8"", ""no"": 0}, {""version"": ""1.8.1"", ""no"": 1}, {""version"": ""1.8.5"", ""no"": 0}, {""version"": ""1.8.10"", ""no"": 0}]",0
1.8.14,10249,Bunyan,TRUE,2020-06-29 00:20:06 UTC,1,,https://libraries.io/npm/bunyan/1.8.14,librariesio,2,,,,4,4,3,5,5,5,4,2021-01-08T23:34:23.784Z,5,5,5,3755,16,2,"[{""version"": ""1.8.12"", ""no"": 13}, {""version"": ""1.8.14"", ""no"": 2}, {""version"": ""1.8.0"", ""no"": 0}, {""version"": ""1.8.3"", ""no"": 0}, {""version"": ""1.8.8"", ""no"": 0}, {""version"": ""1.8.1"", ""no"": 1}, {""version"": ""1.8.5"", ""no"": 0}, {""version"": ""1.8.10"", ""no"": 0}]",0
1.8.10,10249,Bunyan,TRUE,2017-04-05 06:34:32 UTC,1,,https://libraries.io/npm/bunyan/1.8.10,librariesio,0,,,,3,4,3,5,5,5,4,2021-01-08T23:34:23.784Z,5,5,5,3755,16,0,"[{""version"": ""1.8.12"", ""no"": 13}, {""version"": ""1.8.14"", ""no"": 2}, {""version"": ""1.8.0"", ""no"": 0}, {""version"": ""1.8.3"", ""no"": 0}, {""version"": ""1.8.8"", ""no"": 0}, {""version"": ""1.8.1"", ""no"": 1}, {""version"": ""1.8.5"", ""no"": 0}, {""version"": ""1.8.10"", ""no"": 0}]",0
1.8.1,10249,Bunyan,TRUE,2016-04-21 08:00:52 UTC,1,,https://libraries.io/npm/bunyan/1.8.1,librariesio,1,,,,3,4,3,5,5,5,4,2021-01-08T23:34:23.784Z,5,5,5,3755,16,1,"[{""version"": ""1.8.12"", ""no"": 13}, {""version"": ""1.8.14"", ""no"": 2}, {""version"": ""1.8.0"", ""no"": 0}, {""version"": ""1.8.3"", ""no"": 0}, {""version"": ""1.8.8"", ""no"": 0}, {""version"": ""1.8.1"", ""no"": 1}, {""version"": ""1.8.5"", ""no"": 0}, {""version"": ""1.8.10"", ""no"": 0}]",0
1.8.12,10249,Bunyan,TRUE,2017-08-02 23:58:58 UTC,1,,https://libraries.io/npm/bunyan/1.8.12,librariesio,13,,,,3,4,3,5,5,5,4,2021-01-08T23:34:23.784Z,5,5,5,3755,16,13,"[{""version"": ""1.8.12"", ""no"": 13}, {""version"": ""1.8.14"", ""no"": 2}, {""version"": ""1.8.0"", ""no"": 0}, {""version"": ""1.8.3"", ""no"": 0}, {""version"": ""1.8.8"", ""no"": 0}, {""version"": ""1.8.1"", ""no"": 1}, {""version"": ""1.8.5"", ""no"": 0}, {""version"": ""1.8.10"", ""no"": 0}]",0
1.8.0,10249,Bunyan,TRUE,2016-03-17 05:52:27 UTC,1,,https://libraries.io/npm/bunyan/1.8.0,librariesio,0,,,,3,4,3,5,5,5,4,2021-01-08T23:34:23.784Z,5,5,5,3755,16,0,"[{""version"": ""1.8.12"", ""no"": 13}, {""version"": ""1.8.14"", ""no"": 2}, {""version"": ""1.8.0"", ""no"": 0}, {""version"": ""1.8.3"", ""no"": 0}, {""version"": ""1.8.8"", ""no"": 0}, {""version"": ""1.8.1"", ""no"": 1}, {""version"": ""1.8.5"", ""no"": 0}, {""version"": ""1.8.10"", ""no"": 0}]",0
